r_kpc,Vobs,Vlum,DeltaX_obs,DeltaX_pred,M_Msun,D_kpc,I,B,Ient,klum,Mhat,Dhat,Ihat
9.19,248.0,218.11,1.13704094264362,0.8061551150997248,101649749378.38737,9.19,0.06310323118242052,1.6510070055816106,0.006768285170712607,0.5883348123233345,0.3765849873396868,0.3339389534883721,0.8327869393373379
13.79,264.0,246.72749036132961,1.0700064253617423,0.8407881017071693,195181654011.5929,13.79,0.06310323118242052,1.759790123271218,0.006768285170712607,0.5883348123233345,0.7230955428260292,0.5010901162790697,0.8327869393373379
18.35,272.0,245.20560719526785,1.1092731651254395,0.8264124123560045,256529023585.70627,18.35,0.07687532781114242,1.7142571302408967,0.007193405859937187,0.821560209605942,0.9503710504949403,0.6667877906976745,1.0145402661445793
22.94,271.0,236.47687117348283,1.1459894519713536,1.0302869424920158,298270567197.1746,22.94,0.017218375092140133,2.410225481522426,0.0010168341313566884,0.29156421059359006,1.105012245073291,0.8335755813953489,0.22723460628970615
27.52,264.0,213.45875151888245,1.2367729039989568,1.1173067268871475,291551986503.3214,27.52,0.011067196360720106,2.740193345418599,0.0014438082534224358,0.08483317296213003,1.080121710261276,1.0,0.14605617512114044
32.11,242.0,193.64141628277767,1.2497326483431805,1.1077136964437293,279947408569.5817,32.11,0.018229852928867613,2.7028522197194693,0.0019183036761875895,0.1732403174395236,1.0371298695436741,1.1667877906976745,0.24058329725326005
36.7,244.0,179.44411414142286,1.359754824879347,1.2247989086244893,274766729987.3748,36.7,0.008559418326542365,3.1749709851625503,0.0004174552466405088,0.17550059001136525,1.0179368485060227,1.333575581395349,0.11296048803052294
41.44,241.0,167.37552748236521,1.4398759700720998,1.336016614179972,269925123931.44702,41.44,0.0028096321079641366,3.6564391255543622,0.00015304221651048816,0.05158075178270833,1.0,1.505813953488372,0.03707932034559906
46.02,237.0,157.69426432181987,1.5029081813421843,1.3754843156630312,266083567342.7251,46.02,0.0028096321079641366,3.835028549088528,0.00015304221651048816,0.05158075178270833,0.9857680658518562,1.6722383720930234,0.03707932034559906
