r_kpc,Vobs,Vlum,DeltaX_obs,DeltaX_pred,M_Msun,D_kpc,I,B,Ient,klum,Mhat,Dhat,Ihat
0.5,16.9,41.20354960437268,0.41015883733974473,0.7414833169851067,197368987.02832663,0.5,3.4819658179393698,1.4562200791625142,0.36269386998702724,33.42787667663596,0.0621055213405856,0.22075055187637974,1.0
1.0,23.9,64.87122628716062,0.36842220145806476,0.8692332466994303,978461767.3934121,1.0,3.4819658179393698,1.8514696150173526,0.36269386998702724,33.42787667663596,0.30788969984973974,0.44150110375275947,1.0
1.51,28.2,78.76471608531322,0.3580283330096112,0.8781453737967413,2178111040.45423,1.51,3.3455362333331267,1.8806264605735454,0.36523071924725536,30.645321159219314,0.685379824570315,0.6666666666666667,0.9608182297760228
2.01,33.0,77.82892071717299,0.4240069076625205,0.9393776487933122,2830855611.71938,2.01,2.288184778673421,2.0865371259614993,0.2796969430286224,18.719509497166495,0.890777047867818,0.8874172185430463,0.657153142309585
2.52,39.1,77.56462209022874,0.5040957971085848,1.1980809945722148,3525068395.2930894,2.52,0.23947828198864737,3.064098484993906,0.02552497093852474,2.246813431535634,1.109222952132182,1.1125827814569538,0.06877674696139631
3.02,43.8,77.24835079145703,0.5670023961837627,1.2132067609220274,4190106106.382138,3.02,0.3441845704337402,3.1266385990930194,0.03340397517497845,3.5463748821545664,1.3184884217492872,1.3333333333333335,0.09884777405351695
3.52,53.1,74.64032690174929,0.711411675218099,1.2204666789352527,4559627606.25077,3.52,0.42476806035802617,3.156867267643871,0.05596809327515411,3.223763657862846,1.4347646703202077,1.5540838852097132,0.12199087600733664
4.03,61.0,71.71624711318907,0.8505743461969543,1.245529069783405,4819253833.026034,4.03,0.42476806035802617,3.262274532561574,0.05596809327515411,3.223763657862846,1.5164604950307676,1.7792494481236207,0.12199087600733664
