r_kpc,Vobs,Vlum,DeltaX_obs,DeltaX_pred,M_Msun,D_kpc,I,B,Ient,klum,Mhat,Dhat,Ihat
0.93,40.5,51.479677543667655,0.78671821449631,0.7919362844419742,573052260.1030946,0.93,0.4586995606030904,1.6072482866424616,0.1431126077726392,1.4702079025192236,0.20263942832880327,0.2822458270106222,0.6851494764943998
1.94,53.9,57.572091329045875,0.9362175101811308,0.9199268819038472,1495083286.5602858,1.94,0.4586995606030904,2.0200719903679825,0.1431126077726392,1.4702079025192236,0.5286827111335716,0.5887708649468892,0.6851494764943998
2.87,73.0,60.22429161061174,1.2121354697202802,0.8763072510011283,2420276269.6731625,2.87,0.6805824477722605,1.874595968605429,0.18554776396330797,2.496351658041419,0.8558441067767628,0.8710166919575114,1.0165710801845051
3.72,78.4,61.16267162248556,1.2818275905916672,1.110051081395795,3235604866.877011,3.72,0.1346027118078967,2.711928505696161,0.01212284858724421,1.4945241537623044,1.1441558932232374,1.1289833080424887,0.20105311940707724
4.47,79.3,60.75666959272866,1.3052064988349952,1.1826341543145367,3836498988.1211185,4.47,0.08922573225913238,3.0008447601511734,0.008845567292303637,0.9000249542056274,1.356640599579929,1.3566009104704098,0.13327451996421677
5.16,81.1,60.34407013120677,1.3439597266751047,1.2001656379340515,4368763607.701628,5.16,0.08922573225913238,3.072682463954994,0.008845567292303637,0.9000249542056274,1.5448569381945578,1.5660091047040972,0.13327451996421677
