r_kpc,Vobs,Vlum,DeltaX_obs,DeltaX_pred,M_Msun,D_kpc,I,B,Ient,klum,Mhat,Dhat,Ihat
0.78,28.1,21.291505348377786,1.319775165739559,0.826877894209226,82214228.15171671,0.78,0.6537914932539037,1.7157230617206751,0.24458240942739332,1.7476453750369156,0.20517408433691742,0.33333333333333337,0.8601765848649906
1.55,31.3,25.66909815322696,1.2193650050796645,0.9082542354574207,237461148.9196472,1.55,0.6537914932539037,1.9806577185516678,0.24458240942739332,1.7476453750369156,0.59260878427603,0.6623931623931625,0.8601765848649906
2.34,33.0,27.138415576448086,1.2159884539699826,0.8694858144947138,400704740.1596407,2.34,0.7644947306538519,1.8522930705845106,0.23063237237301518,2.5341290434815322,1.0,1.0,1.0058259756306254
3.12,33.4,28.550882648352573,1.1698412413854822,1.1608990333395377,591334635.6933767,3.12,0.10741773242765375,2.912891568630812,0.011435757627922562,1.0089903629756387,1.4757365621823915,1.3333333333333335,0.14132673671493792
3.89,34.3,28.181642961332116,1.217104341541153,1.1817253413863271,718326458.8191803,3.89,0.10741773242765375,2.9971425586033487,0.011435757627922562,1.0089903629756387,1.7926577522716578,1.6623931623931625,0.14132673671493792
