r_kpc,Vobs,Vlum,DeltaX_obs,DeltaX_pred,M_Msun,D_kpc,I,B,Ient,klum,Mhat,Dhat,Ihat
0.59,45.3,45.956013752282736,0.9857251815655975,0.7513928051834847,289718586.99670535,0.59,1.5432168043236603,1.485361297169443,0.41677920637527244,5.714100100767949,0.24731023338056374,0.25,0.9575721727165829
1.18,59.8,50.24325825421755,1.1902094346156427,0.846558704160349,692591637.5836742,1.18,1.5432168043236603,1.7782188356268929,0.41677920637527244,5.714100100767949,0.5912116350691478,0.5,0.9575721727165829
1.77,60.7,47.885238852907484,1.2676140174732455,0.8676400243255588,943661480.2448786,1.77,1.6159576533035107,1.8462789996807119,0.39137284619423635,6.672203150175128,0.8055304401793977,0.75,1.0027081591883031
2.36,58.8,46.2052486196103,1.2725826990798674,1.1571678993933001,1171478361.5560427,2.36,0.14137391744212263,2.897916710995493,0.08202217994710123,0.24367292536996824,1.0,1.0,0.08772307877365215
2.95,57.9,43.524711371817276,1.3302787812968906,1.1656073057815648,1299371871.301655,2.95,0.2545469672382802,2.9318398144603295,0.07847678230403855,0.8256474925179453,1.1091727461152034,1.2500000000000002,0.15794740686717892
3.54,56.9,40.91222433454334,1.3907823621302773,1.3091270766867915,1377682340.2489245,3.54,0.08384194843061939,3.5370848904756484,0.053070422123002635,0.13245555688911345,1.1760203051629454,1.5,0.052024262889416875
4.13,55.9,38.370010424809635,1.456866948460761,1.35980685637901,1413752973.4405046,4.13,0.08384194843061939,3.763603949030986,0.053070422123002635,0.13245555688911345,1.2068110003864307,1.75,0.052024262889416875
