r_kpc,Vobs,Vlum,DeltaX_obs,DeltaX_pred,M_Msun,D_kpc,I,B,Ient,klum,Mhat,Dhat,Ihat
0.87,24.8,20.560179960301905,1.2062151230137306,0.7200785306539337,85509175.96508648,0.87,0.580145060385146,1.3941455480552805,0.12688172416084184,2.65261441957262,0.0376625570765046,0.19908466819221968,0.7288988219623334
1.74,46.2,33.1130578473206,1.3952199827941398,0.8775715645156802,443595844.6003289,1.74,0.580145060385146,1.8787429706161285,0.12688172416084184,2.65261441957262,0.19538199997368266,0.39816933638443935,0.7288988219623334
2.61,60.5,38.202121668828816,1.5836816741350057,0.9140301685476889,885635709.8846525,2.61,0.8146829040298389,2.0001166622676005,0.14753991256336182,4.498499576061891,0.39007866812025427,0.597254004576659,1.0235740154815363
3.5,69.6,44.73170799332393,1.555943269825234,1.0211686258229649,1628315856.4117827,3.5,0.2781078856089155,2.3767895968976758,0.055215216064066416,1.4007732207027697,0.7171924906132408,0.8009153318077803,0.34941693731598317
4.37,77.5,47.27057858753159,1.6394975969353152,1.0390385181141661,2270402824.5185323,4.37,0.2637452114871903,2.4425198728765136,0.02689984955243122,2.5859451907654165,1.0,1.0,0.33137156045695376
5.24,82.9,48.824199942241755,1.6979284882920638,1.2131914958474546,2904298183.4076977,5.24,0.05473740253521752,3.126575183123014,0.0026740250930470397,1.1204768586850842,1.2791995112248817,1.1990846681922196,0.06877250355059583
6.11,84.1,49.48188052206585,1.6996120420786476,1.0493736191128078,3478349748.07657,6.11,0.2394121544476441,2.480914109349694,0.04523932042073131,1.2669991318215303,1.5320407949255428,1.3981693363844394,0.3007993159926249
6.98,85.6,49.47648431325735,1.7301148452268515,1.0780575719862424,3972763682.5695043,6.98,0.20079320029018757,2.588928139058176,0.0462131742834956,0.8724332380944966,1.7498056466750473,1.597254004576659,0.25227815790140595
7.85,87.6,48.1531307393403,1.8191963566022566,1.0839773087398747,4232123759.855472,7.85,0.20079320029018757,2.611486156361699,0.0462131742834956,0.8724332380944966,1.8640409156260398,1.7963386727688786,0.25227815790140595
