r_kpc,Vobs,Vlum,DeltaX_obs,DeltaX_pred,M_Msun,D_kpc,I,B,Ient,klum,Mhat,Dhat,Ihat
1.87,27.7,20.154862936770375,1.3743581430893452,0.5238578697007832,176620434.9777141,1.87,0.15373271928257554,0.8806130576424588,0.07085167001435522,0.33356657610507623,0.10388301561585042,0.2633802816901409,0.8971566944325607
3.36,42.4,24.84285410334328,1.7067282134178747,0.6838537205547391,482149699.48220277,3.36,0.15373271928257554,1.2918064050062663,0.07085167001435522,0.33356657610507623,0.28358646476443816,0.4732394366197183,0.8971566944325607
4.86,52.5,28.66272317837229,1.831647316735569,0.796135303206441,928348015.1874839,4.86,0.17268192827770731,1.6201161505215362,0.06620748913668408,0.45038784497847983,0.5460273686384809,0.6845070422535212,1.0077408939674417
6.35,55.6,31.195207965326983,1.782325030876492,0.6978419910947156,1436776252.0024834,6.35,0.05647114635623151,1.3309204689902638,0.005309371162990702,0.6006342884852302,0.8450701066504008,0.8943661971830986,0.32955552488894496
7.85,58.6,32.79981249946408,1.7865955788911132,0.7920692471320632,1963595482.1189013,7.85,0.07920304917813242,1.6076550470601223,0.010678916712985813,0.5874306512275161,1.1549298933495993,1.1056338028169015,0.4622148500412734
9.34,59.0,32.63231680405178,1.808023633574012,0.7556695398063787,2312503180.4897113,9.34,0.051754505437757295,1.498016929214918,0.0047660107552768075,0.5620064600444407,1.3601472787722926,1.315492957746479,0.30203005083897605
10.83,60.0,31.212744192076414,1.922291729005726,0.7118374570798993,2453194645.3192463,10.83,0.03624834991999117,1.3705637919724702,0.004542356736299513,0.2892645708387369,1.4428979165438938,1.5253521126760565,0.2115388964991788
12.33,62.2,29.074217100379503,2.1393525330450984,0.7099808519786903,2423364714.2116437,12.33,0.03624834991999117,1.3652755052079932,0.004542356736299513,0.2892645708387369,1.4253528165136404,1.7366197183098593,0.2115388964991788
