r_kpc,Vobs,Vlum,DeltaX_obs,DeltaX_pred,M_Msun,D_kpc,I,B,Ient,klum,Mhat,Dhat,Ihat
9.19,248.0,218.11,1.13704094264362,0.7253626795431074,101649749378.38737,9.19,0.06310323118242052,1.4093590014792508,0.006768285170712607,0.5883348123233345,0.3765849873396868,0.3339389534883721,0.8327869393373379
13.79,264.0,246.72749036132961,1.0700064253617423,0.7834817543455679,195181654011.5929,13.79,0.06310323118242052,1.581478511555699,0.006768285170712607,0.5883348123233345,0.7230955428260292,0.5010901162790697,0.8327869393373379
18.35,272.0,245.20560719526785,1.1092731651254395,0.8212017442276135,256529023585.70627,18.35,0.07687532781114242,1.6978857403668306,0.007193405859937187,0.821560209605942,0.9503710504949403,0.6667877906976745,1.0145402661445793
22.94,271.0,236.47687117348283,1.1459894519713536,0.8488882999622012,298270567197.1746,22.94,0.017218375092140133,1.785683049518732,0.0010168341313566884,0.29156421059359006,1.105012245073291,0.8335755813953489,0.22723460628970615
27.52,264.0,213.45875151888245,1.2367729039989568,0.870461358948068,291551986503.3214,27.52,0.011067196360720106,1.8554752295963002,0.0014438082534224358,0.08483317296213003,1.080121710261276,1.0,0.14605617512114044
32.11,242.0,193.64141628277767,1.2497326483431805,0.8881831624687605,279947408569.5817,32.11,0.018229852928867613,1.9137132915896715,0.0019183036761875895,0.1732403174395236,1.0371298695436741,1.1667877906976745,0.24058329725326005
36.7,244.0,179.44411414142286,1.359754824879347,0.9032296101507861,274766729987.3748,36.7,0.008559418326542365,1.963800457399869,0.0004174552466405088,0.17550059001136525,1.0179368485060227,1.333575581395349,0.11296048803052294
41.44,241.0,167.37552748236521,1.4398759700720998,0.9167515343140302,269925123931.44702,41.44,0.0028096321079641366,2.0093149226812974,0.00015304221651048816,0.05158075178270833,1.0,1.505813953488372,0.03707932034559906
46.02,237.0,157.69426432181987,1.5029081813421843,0.9283624451752834,266083567342.7251,46.02,0.0028096321079641366,2.0487763236706638,0.00015304221651048816,0.05158075178270833,0.9857680658518562,1.6722383720930234,0.03707932034559906
