r_kpc,Vobs,Vlum,DeltaX_obs,DeltaX_pred,M_Msun,D_kpc,I,B,Ient,klum,Mhat,Dhat,Ihat
1.74,123.0,160.46363077034,0.7665288352850561,0.751181082799534,10416987017.166136,1.74,1.4955905766049253,1.4847360077021785,0.1434293513618857,15.595072776881064,0.2808136440630002,0.39816933638443935,1.0
2.61,145.0,185.50582201106252,0.7816466266560249,0.8069779884570139,20883113131.872097,2.61,1.4955905766049253,1.6535555044673809,0.1434293513618857,15.595072776881064,0.5629519445764104,0.597254004576659,1.0
3.5,152.0,201.16262202506704,0.7556075699841452,0.8440378909396107,32930798772.81784,3.5,1.391842888297525,1.7701578406839322,0.13561349426976335,14.28491048133345,0.8877247893331871,0.8009153318077803,0.9306309561384684
4.37,157.0,191.07392182084925,0.8216715211780866,0.870461358948068,37095729632.10113,4.37,1.0112637208764197,1.8554752295963002,0.0867799238608628,11.78445736827884,1.0,1.0,0.676163474613517
5.24,161.0,182.61865895904504,0.8816185647059573,0.8912774127986667,40631347994.7267,5.24,0.07741526946737735,1.9239654673332776,0.02122340577947238,0.28238276217209657,1.095310656986404,1.1990846681922196,0.05176234102993238
6.11,165.0,171.51649162689867,0.9620066177596843,0.9085082957472781,41791948950.10591,6.11,0.13406961199554726,1.9815118162213887,0.023585784976173304,0.7620972072286274,1.1265973028318836,1.3981693363844394,0.08964325804986871
7.07,169.0,162.0689979607451,1.0427657487024982,0.9247025699656577,43177645174.393326,7.07,0.13406961199554726,2.036299865737077,0.023585784976173304,0.7620972072286274,1.1639519050470208,1.6178489702517163,0.08964325804986871
