r_kpc,Vobs,Vlum,DeltaX_obs,DeltaX_pred,M_Msun,D_kpc,I,B,Ient,klum,Mhat,Dhat,Ihat
0.21,4.68,6.901594018775662,0.6781042158185695,0.6154824507858422,2325721.7658588532,0.21,1.8209689508801694,1.1079466921787928,0.29698021492442006,11.165484276161331,0.012579375006533996,0.1653543307086614,0.6971419797986088
0.64,13.1,17.174693592608865,0.7627501433642804,0.7842559427140006,43893237.47765008,0.64,1.8209689508801694,1.5838305415008938,0.29698021492442006,11.165484276161331,0.23740995272420837,0.5039370078740157,0.6971419797986088
1.06,22.5,22.809009184968993,0.9864523187981077,0.8490432635162287,128220761.18774863,1.06,2.6289474238081887,1.7861800658352034,0.5039549715589231,13.71425017550328,0.6935210661402124,0.8346456692913387,1.0064694463539476
1.48,30.4,26.494142748917163,1.1474234244186847,0.8880435833271169,241546697.79186267,1.48,2.290977217414166,1.9132514109821228,0.5384652767692372,9.747288891499064,1.3064789338597877,1.1653543307086613,0.8770805192749938
1.91,36.0,29.509661129874058,1.2199394578460767,0.9166131801230286,386724295.7885656,1.91,1.018407896983872,2.0088468186908557,0.18944722993762791,5.474636103048733,2.0917162200034984,1.5039370078740157,0.3898885245696837
2.33,41.9,30.09371529073803,1.392317286024687,0.9386267277611728,490622184.8399524,2.33,1.018407896983872,2.0839529020491137,0.18944722993762791,5.474636103048733,2.6536796190440595,1.8346456692913387,0.3898885245696837
