r_kpc,Vobs,Vlum,DeltaX_obs,DeltaX_pred,M_Msun,D_kpc,I,B,Ient,klum,Mhat,Dhat,Ihat
2.61,179.0,230.38943226632597,0.7769453582969867,0.5639814302791111,32211078168.34112,2.61,0.08157116706661055,0.9774790000886845,0.01648399359966517,0.40365553749936217,0.6742209163554143,0.24507042253521125,0.7262132994596585
5.24,195.0,197.1534166581954,0.989077457065181,0.7340982963089113,47356494608.81535,5.24,0.08157116706661055,1.4346686975456515,0.01648399359966517,0.40365553749936217,0.9912347243910979,0.49201877934272303,0.7262132994596585
7.85,181.0,164.98613396282732,1.0970618903087985,0.8407882787306951,49682586136.4223,7.85,0.1142869239570643,1.7597906872768974,0.01292261675997784,1.010747376492669,1.0399229288986744,0.7370892018779343,1.0174757468430007
10.65,162.0,140.78105909532007,1.150722981067453,0.8294148812987763,49076966337.35653,10.65,0.0778054099664141,1.7237226402145982,0.0065654010106696425,0.9220581972378746,1.027246497089868,1.0,0.692687447286131
13.47,145.0,123.98803047068697,1.1694677256308272,0.7753816013498787,48146726390.22905,13.47,0.04163541356805206,1.5569632173753514,0.0031778621213287154,0.5454949260850643,1.0077753317254272,1.2647887323943663,0.3706725323291233
16.03,147.0,113.21785857363669,1.2983817381106133,0.7191668479837195,47775257911.69776,16.03,0.023910884918340584,1.3915280897942095,0.0013161108357827589,0.43440901938786164,1.0,1.5051643192488264,0.21287426984302713
18.58,150.0,105.05523404381145,1.427820340083628,0.740770134614993,47678298052.27267,18.58,0.023910884918340584,1.4541326446537624,0.0013161108357827589,0.43440901938786164,0.9979705005548206,1.744600938967136,0.21287426984302713
