r_kpc,Vobs,Vlum,DeltaX_obs,DeltaX_pred,M_Msun,D_kpc,I,B,Ient,klum,Mhat,Dhat,Ihat
1.74,121.0,169.0,0.7159763313609467,0.6571856575015586,11554796543.057167,1.74,0.3682146297517252,1.2186465424550414,0.020492632495587502,6.6161345348087295,0.21469575523424347,0.24928366762177648,0.8968537230572611
3.5,116.0,138.74,0.8360962952284848,0.7046001138204252,15664302810.335491,3.5,0.3682146297517252,1.3499998303349083,0.020492632495587502,6.6161345348087295,0.2910530972614653,0.501432664756447,0.8968537230572611
5.24,140.0,151.38255678908322,0.9248093239372208,0.7882062987785081,27920462260.312366,5.24,0.41326570154162195,1.5958562190428571,0.033768474501257965,5.057632676428029,0.5187806387702052,0.7507163323782234,1.0065838049112386
6.98,160.0,182.10500761923052,0.8786139496753949,0.870461358948068,53819399132.7417,6.98,0.14771957838682423,1.8554752295963002,0.007752087489775978,2.814864237221309,1.0,1.0,0.35979790899128855
8.72,161.0,197.78247369269096,0.8140256160925433,0.9143549789728926,79310691962.39865,8.72,0.2507152315459155,2.001213514817167,0.013641812996656746,4.6077546543503365,1.4736450655419713,1.2492836676217765,0.6106625611011972
10.47,154.0,184.85818158794055,0.8330710530479781,0.9196499101427836,83188574099.66731,10.47,0.06957034486051215,2.019132654536103,0.0015976342751062625,3.0294999045940396,1.5456986781752922,1.5,0.16945123240920218
12.19,153.0,173.56022873919014,0.8815383634341362,0.9225271433821833,85377567786.81721,12.19,0.06957034486051215,2.0289003727421426,0.0015976342751062625,3.0294999045940396,1.5863716273799258,1.7464183381088823,0.16945123240920218
