r_kpc,Vobs,Vlum,DeltaX_obs,DeltaX_pred,M_Msun,D_kpc,I,B,Ient,klum,Mhat,Dhat,Ihat
0.87,27.3,86.64557749821972,0.3150766696726203,0.870461358948068,1518629035.9482064,0.87,1.3533026198719074,1.8554752295963002,0.1721247349305561,10.640120850097805,0.1076021426441687,0.2766295707472178,1.0
1.74,52.7,117.37312511814619,0.4489954574094615,0.870461358948068,5573477210.63682,1.74,1.3533026198719074,1.8554752295963002,0.1721247349305561,10.640120850097805,0.3949075617854973,0.5532591414944356,1.0
2.71,69.2,132.53080245739102,0.5221427676954418,0.8343150217911778,11067323160.912458,2.71,1.001524999635554,1.739221044053515,0.17149485642746232,5.848877020514376,0.784172867277002,0.861685214626391,0.7400598985985486
3.58,83.5,143.57868435112505,0.5815626489221672,0.8221257801542158,17159420259.43347,3.58,0.9089406749209906,1.7007838180666472,0.06797521822504607,12.154034545216291,1.215827132722998,1.1383147853736089,0.6716462833767539
4.45,95.9,154.39251601032998,0.6211440973834742,0.7880701995991842,24663354511.02209,4.45,0.7013629736885915,1.5954412309443715,0.04755460027671009,10.344110096583385,1.7475168242925725,1.4149443561208268,0.5182602644743101
5.32,110.0,141.95202710775214,0.7749096806944632,0.7880701995991842,24924960289.79914,5.32,0.7013629736885915,1.5954412309443715,0.04755460027671009,10.344110096583385,1.7660528470197627,1.6915739268680445,0.5182602644743101
