r_kpc,Vobs,Vlum,DeltaX_obs,DeltaX_pred,M_Msun,D_kpc,I,B,Ient,klum,Mhat,Dhat,Ihat
0.1,13.9,8.118152499183543,1.7122122307258885,0.6791838530485852,1532336.1800177174,0.1,17.324865904272052,1.278861771163084,3.5641782753219293,84.21323385511559,0.03444936978301677,0.24691358024691357,1.0
0.3,29.9,18.90782906628892,1.5813555271297224,0.8344292096387106,24937001.704290494,0.3,17.324865904272052,1.7395829473064788,3.5641782753219293,84.21323385511559,0.5606237092051757,0.7407407407407407,1.0
0.51,46.7,23.236389564646224,2.0097786650578997,0.8967999960570986,64024636.18164527,0.51,15.502277834647998,1.9423252988635145,3.3577832284874978,71.57121282390533,1.4393762907948244,1.2592592592592593,0.894799297166587
0.71,60.4,24.445322660991817,2.4708203216471434,0.9335887873255564,98648285.59537402,0.71,15.502277834647998,2.0666532182915605,3.3577832284874978,71.57121282390533,2.217771343685426,1.7530864197530862,0.894799297166587
