r_kpc,Vobs,Vlum,DeltaX_obs,DeltaX_pred,M_Msun,D_kpc,I,B,Ient,klum,Mhat,Dhat,Ihat
0.87,26.6,6.92,3.8439306358381504,0.6451940309345151,9686593.767365513,0.87,0.24093197535210725,1.1863519697541016,0.05382978895141334,1.0783660474586407,0.014079140834589474,0.19908466819221968,1.0
1.74,45.2,10.96,4.124087591240876,0.751181082799534,48597060.62205441,1.74,0.24093197535210725,1.4847360077021785,0.05382978895141334,1.0783660474586407,0.07063420610763067,0.39816933638443935,1.0
2.61,57.0,16.738321301731546,3.40535941284049,0.8069779884570139,170021542.8827853,2.61,0.214118869093196,1.6535555044673809,0.06649232788351969,0.6895064673034629,0.24712063958185002,0.597254004576659,0.8887108852209195
3.5,69.3,23.226967085695886,2.983600904255716,0.8440378909396107,439028484.66952354,3.5,0.16079759701294574,1.7701578406839322,0.042071901833200975,0.61456378434344,0.6381132536891478,0.8009153318077803,0.6673983259297566
4.37,77.3,26.021775496687386,2.970588998042828,0.870461358948068,688010289.9153903,4.37,0.2215320478125917,1.8554752295963002,0.02326827959962374,2.1091567168908356,1.0,1.0,0.9194796476841077
5.24,80.7,30.05009983344481,2.685515204518005,0.8912774127986667,1100177529.8715854,5.24,0.04318258837681988,1.9239654673332776,0.013866733916607555,0.1344754972682176,1.5990713307600128,1.1990846681922196,0.17923145449544914
6.11,84.0,31.749483460365145,2.6457123343396254,0.9085082957472781,1432036817.0921967,6.11,0.11592123881374274,1.9815118162213887,0.0076295541943233545,1.761273760675414,2.0814177318021,1.3981693363844394,0.4811367965764236
6.98,85.0,34.23893835970969,2.4825536091978497,0.9232841649727771,1902548112.376218,6.98,0.05522917406668748,2.031473909049099,0.004146490119335421,0.7356249696254782,2.765290200252948,1.597254004576659,0.22923140021565608
7.85,85.7,34.26793836810146,2.5008799502153423,0.936288188941834,2143311313.1872096,7.85,0.05522917406668748,2.075914433519407,0.004146490119335421,0.7356249696254782,3.1152314792425395,1.7963386727688786,0.22923140021565608
