r_kpc,Vobs,Vlum,DeltaX_obs,DeltaX_pred,M_Msun,D_kpc,I,B,Ient,klum,Mhat,Dhat,Ihat
0.68,20.5,19.147723102238555,1.0706233785887238,0.859392772426995,57967268.322285295,0.68,1.3087152444906345,1.8195154909166789,0.2676778031127926,6.398496891580054,0.07245731249064698,0.2839248434237996,0.9100597646787374
1.37,34.6,31.20035416465653,1.108961770671006,0.859392772426995,310083930.37752485,1.37,1.3087152444906345,1.8195154909166789,0.2676778031127926,6.398496891580054,0.3875954291441859,0.5720250521920669,0.9100597646787374
2.05,46.0,36.34271591392146,1.2657281890806409,0.8710107723322873,629547153.9743915,2.05,1.4448614875887897,1.8572684675068414,0.2683308345363031,7.780040344319247,0.7869146879495666,0.8559498956158663,1.004733696595856
2.74,51.8,39.03020881317444,1.327177116780251,0.7002490487837997,970491995.4149238,2.74,0.4068209305168014,1.3377023982032008,0.060093221915482165,2.7541087701925426,1.2130853120504335,1.1440501043841338,0.2828968042139703
3.42,56.8,40.343521165113984,1.4079088378908367,0.4271764448667645,1294235632.4591773,3.42,0.07063432573350568,0.6644000744304747,0.004415609579460256,1.1299024250320702,1.617754956749835,1.427974947807933,0.04911798661006236
4.11,61.4,41.50478165223857,1.4793476210635208,0.4271764448667645,1646181565.994173,4.11,0.07063432573350568,0.6644000744304747,0.004415609579460256,1.1299024250320702,2.0576766095035475,1.7160751565762005,0.04911798661006236
