r_kpc,Vobs,Vlum,DeltaX_obs,DeltaX_pred,M_Msun,D_kpc,I,B,Ient,klum,Mhat,Dhat,Ihat
0.7,41.3,21.16548605631347,1.9512899392017784,0.2146979656654127,72911188.5624205,0.7,0.6306748986429753,0.27462174706453946,0.1574074618412737,2.5268867379324793,0.03480888237028099,0.22292993630573246,0.6170581763989246
1.4,68.7,32.91946080967912,2.0869114593699702,0.49026905864820003,352754942.55866766,1.4,0.6306748986429753,0.8027419334763299,0.1574074618412737,2.5268867379324793,0.16841043937375436,0.4458598726114649,0.6170581763989246
2.09,83.8,43.284728253738635,1.9360176991006506,0.7036836813210868,910448368.6010634,2.09,1.0314393423578092,1.347405621685963,0.20652709884392031,5.151222880284156,0.4346615490943047,0.6656050955414012,1.009169829068644
2.79,88.7,50.91949430228073,1.741965453809054,0.8297526705139103,1681945860.527191,2.79,0.8975510400033253,1.7247890130063661,0.12027568608260253,6.697927865967732,0.8029858896368045,0.8885350318471338,0.8781722709451598
3.49,90.1,55.58647677268276,1.6208978375884124,0.9029662899892437,2507283071.722031,3.49,0.6311392279676715,1.9629188471032644,0.07156441675740331,5.566128295713675,1.1970141103631957,1.1114649681528663,0.6175124805213212
4.19,91.6,56.10579025376971,1.632630065198047,0.9456051546164587,3066684060.5825286,4.19,0.301062182616001,2.1080249955848402,0.021630389453153587,4.190328518948407,1.4640804358887152,1.3343949044585988,0.2945620347146169
4.89,92.7,55.558347707612754,1.6685161424859654,0.978253313406418,3509515358.377645,4.89,0.04355798962606381,2.2223267221542438,0.0013861186934294569,1.3687849888021448,1.675494662686465,1.557324840764331,0.04261754146882215
5.59,91.5,54.06554725516057,1.6923901568621653,1.0032659454450688,3799204402.32416,5.59,0.04355798962606381,2.3117712699217927,0.0013861186934294569,1.3687849888021448,1.8137965070743196,1.7802547770700636,0.04261754146882215
