r_kpc,Vobs,Vlum,DeltaX_obs,DeltaX_pred,M_Msun,D_kpc,I,B,Ient,klum,Mhat,Dhat,Ihat
0.87,23.4,27.61793801137225,0.8472754189818433,0.8634572586426307,154291286.0301658,0.87,0.9054461818564506,1.8326832273960716,0.1856129487559998,4.41689436934784,0.09317457152435744,0.22109275730622618,0.9419156450796964
1.74,28.0,38.93331863584198,0.7191783536845283,0.8634572586426307,613241788.830736,1.74,0.9054461818564506,1.8326832273960716,0.1856129487559998,4.41689436934784,0.3703290210696866,0.44218551461245237,0.9419156450796964
2.61,36.7,41.45900264116348,0.8852118396973111,0.8709688934942604,1043080564.1131763,2.61,0.9654842698649706,1.8571317509592615,0.18210412331292702,5.118829043507573,0.6299032636725105,0.6632782719186785,1.0043719406929261
3.5,47.6,42.74494122115505,1.1135820670269658,0.6168564571156301,1486884171.024272,3.5,0.16031786823531696,1.1115219124064515,0.03081985113648781,0.8339371517952568,0.8979106928595421,0.8894536213468869,0.16677513396440696
4.37,63.3,42.38086832522429,1.493598467927686,0.478603092370158,1824991236.7382715,4.37,0.06687062150471422,0.7763822884043194,0.004298677158964383,1.040245604651093,1.1020893071404578,1.1105463786531131,0.06956402915339586
5.24,71.2,42.91369245357477,1.6591441083059015,0.5260174655584683,2243689219.2582507,5.24,0.09082909352322319,0.8857201518527893,0.02041856583967813,0.40404033735899614,1.3549357647931903,1.3316391359593394,0.0944874979123767
6.11,68.1,41.83754533908508,1.6277245581226834,0.5956829971108297,2486641901.8300776,6.11,0.1405321566229458,1.056972700071853,0.02471665943015986,0.799027356463779,1.5016518411301094,1.5527318932655656,0.14619249560315528
6.98,74.4,40.556018049113256,1.8344996274018261,0.5956829971108297,2669350995.0219846,6.98,0.1405321566229458,1.056972700071853,0.02471665943015986,0.799027356463779,1.6119875698013413,1.7738246505717916,0.14619249560315528
