r_kpc,Vobs,Vlum,DeltaX_obs,DeltaX_pred,M_Msun,D_kpc,I,B,Ient,klum,Mhat,Dhat,Ihat
0.21,16.4,15.923799797786959,1.0299049352704888,0.451039421951301,12380904.041237785,0.21,17.16035385292066,0.7155069501517138,3.3506359682295535,87.88711968404267,0.1419244105216881,0.4077669902912621,1.0
0.41,26.2,26.023199265270982,1.0067939661425476,0.8051861837501573,64557228.353999525,0.41,17.16035385292066,1.6480084114029419,3.3506359682295535,87.88711968404267,0.7400304976549511,0.7961165048543689,1.0
0.62,35.2,27.61289734888391,1.2747666264519235,0.9091315654676351,109914576.68260904,0.62,15.906400961085271,1.9836078297961577,3.2042609435259233,78.96160643408831,1.2599695023450488,1.203883495145631,0.9269273289710184
0.82,44.0,27.451100160102875,1.6028501496617287,0.9701435854942575,143672287.49264693,0.82,15.906400961085271,2.1936757349126075,3.2042609435259233,78.96160643408831,1.646939887651198,1.5922330097087378,0.9269273289710184
