r_kpc,Vobs,Vlum,DeltaX_obs,DeltaX_pred,M_Msun,D_kpc,I,B,Ient,klum,Mhat,Dhat,Ihat
1.1,26.9,29.22644863817703,0.920399201867513,0.6814773625475788,218466285.04200274,1.1,0.29285884888260194,1.2852121769118245,0.09629377189489365,0.8906734431636776,0.09331608286174137,0.2505694760820046,0.7426631861535161
2.2,38.0,37.30098122033789,1.0187399568803026,0.783495080880405,711709624.2423115,2.2,0.29285884888260194,1.5815189851733351,0.09629377189489365,0.8906734431636776,0.3040009320272255,0.5011389521640092,0.7426631861535161
3.3,40.5,43.05049128639533,0.9407558146217643,0.8362509352785296,1422033439.4349103,3.3,0.40081329176264563,1.7453612500590099,0.10555039514870791,1.522034044754349,0.6074099270785068,0.7517084282460137,1.0164257540753077
4.39,41.4,47.89187926987205,0.8644471804230079,0.870461358948068,2341142902.083513,4.39,0.11542203372887054,1.8554752295963002,0.022504282838975525,0.5919871326463921,1.0,1.0,0.29269969355019887
5.5,42.3,50.34685491666784,0.8401716466701509,0.8962257233265302,3241507471.6746,5.5,0.096637864330718,1.940412434624341,0.013404711383636534,0.696686154228017,1.3845833455060788,1.2528473804100229,0.24506476242994582
6.59,42.3,54.16728994513201,0.7809140911950216,0.9164065939751784,4495720214.3267355,6.59,0.020035644803889592,2.0081479531007225,0.0036535086646442825,0.1098743973409222,1.9203100375999025,1.5011389521640093,0.05080855799123082
7.69,42.3,56.30239515331475,0.7513001868715282,0.9335017193149865,5667867984.449803,7.69,0.020035644803889592,2.066354817268233,0.0036535086646442825,0.1098743973409222,2.420983349374211,1.7517084282460138,0.05080855799123082
