r_kpc,Vobs,Vlum,DeltaX_obs,DeltaX_pred,M_Msun,D_kpc,I,B,Ient,klum,Mhat,Dhat,Ihat
0.76,15.1,17.559581430091097,0.8599293815810314,0.8647697240562159,54485577.238305405,0.76,1.2049728126630619,1.8369444023937591,0.19408772334774232,7.480944462704061,0.07264771783846459,0.33480176211453744,0.9524869402539747
1.51,28.0,31.989760861875787,0.8752800660466757,0.8647697240562159,359284581.1700314,1.51,1.2049728126630619,1.8369444023937591,0.19408772334774232,7.480944462704061,0.4790479646089028,0.6651982378854625,0.9524869402539747
2.27,37.6,37.69615364994153,0.9974492450653072,0.8706915062257593,749997093.6383232,2.27,1.267585159812771,1.856226314943545,0.21883931566983658,7.342246215948276,1.0,1.0,1.001979710822751
3.03,47.9,39.70952530564927,1.2062596979265705,0.7387540844807969,1110891553.647949,3.03,0.4624654303703199,1.4482389610189759,0.0937642184326131,2.2809796515428045,1.4811944780464212,1.3348017621145374,0.3655620094640553
3.78,58.8,41.41706049443876,1.4197048099996212,0.7387540844807969,1507613403.210018,3.78,0.4624654303703199,1.4482389610189759,0.0937642184326131,2.2809796515428045,2.010158993945443,1.6651982378854624,0.3655620094640553
