r_kpc,Vobs,Vlum,DeltaX_obs,DeltaX_pred,M_Msun,D_kpc,I,B,Ient,klum,Mhat,Dhat,Ihat
0.62,29.9,21.87501085714016,1.3668564644501844,0.7035762131809349,68980746.40018041,0.62,3.0513241832534366,1.3471015472611667,0.4246714741214087,21.9241927906028,0.13977610988515843,0.38271604938271603,0.7554155736060878
0.87,34.4,28.50307001008839,1.2068875383537438,0.7538716431028704,164339581.62342393,0.87,3.0513241832534366,1.4926908336598785,0.4246714741214087,21.9241927906028,0.3330023030805678,0.537037037037037,0.7554155736060878
1.12,46.3,32.17615576789745,1.4389537499129739,0.8284413367400788,269603781.5253053,1.12,4.125173611272516,1.7206508996856742,0.6226127940444058,27.331685898387512,0.5462997975307027,0.6913580246913581,1.021268210990775
1.37,49.8,34.693428772607646,1.43543033253951,0.7627670585677445,383402252.0815363,1.37,2.0624329004265762,1.5191247198946602,0.748272647061448,5.684598368611319,0.7768903369973663,0.845679012345679,0.5105960032206797
1.62,57.6,36.196796819608224,1.5913010282942333,0.793805747787711,493508843.9423286,1.62,2.184297325582808,1.6129715825747601,0.42880118975576814,11.126729404052515,1.0,1.0,0.5407659488255466
2.3,71.3,40.93574477153188,1.741754068429322,0.5387435805246427,896133832.1424999,2.3,0.2913737103224192,0.9160616197481086,0.029469603346632504,2.8808884214844523,1.8158414851978257,1.419753086419753,0.07213531742217463
4.97,76.65,47.96469534980911,1.5980503877067793,0.35918424652672476,2658516834.8093777,4.97,0.039243125868227216,0.526901566365587,0.004221145773480133,0.364835286567194,5.38696898230268,3.067901234567901,0.009715410968307633
7.45,81.0,49.6538749746684,1.6312926240162173,0.49238532780909966,4270730934.8486733,7.45,0.0668670328527886,0.8075616321632766,0.008215003865555437,0.5442724258820055,8.653808310166273,4.598765432098765,0.01655425479044583
9.98,83.85,46.44568871273199,1.8053344093703683,0.538073813742035,5005656003.031919,9.98,0.0668670328527886,0.9144542714874028,0.008215003865555437,0.5442724258820055,10.142991487335694,6.160493827160494,0.01655425479044583
