r_kpc,Vobs,Vlum,DeltaX_obs,DeltaX_pred,M_Msun,D_kpc,I,B,Ient,klum,Mhat,Dhat,Ihat
0.78,28.1,21.291505348377786,1.319775165739559,0.4534624978192675,82214228.15171671,0.78,0.6537914932539037,0.7207792058263037,0.24458240942739332,1.7476453750369156,0.20517408433691742,0.33333333333333337,0.8601765848649906
1.55,31.3,25.66909815322696,1.2193650050796645,0.7270123210407241,237461148.9196472,1.55,0.6537914932539037,1.414123310469251,0.24458240942739332,1.7476453750369156,0.59260878427603,0.6623931623931625,0.8601765848649906
2.34,33.0,27.138415576448086,1.2159884539699826,0.871137112444027,400704740.1596407,2.34,0.7644947306538519,1.8576809417245397,0.23063237237301518,2.5341290434815322,1.0,1.0,1.0058259756306254
3.12,33.4,28.550882648352573,1.1698412413854822,0.6976120473235901,591334635.6933767,3.12,0.10741773242765375,1.3302733864659044,0.011435757627922562,1.0089903629756387,1.4757365621823915,1.3333333333333335,0.14132673671493792
3.89,34.3,28.181642961332116,1.217104341541153,0.7592267868098105,718326458.8191803,3.89,0.10741773242765375,1.5085796947622248,0.011435757627922562,1.0089903629756387,1.7926577522716578,1.6623931623931625,0.14132673671493792
