r_kpc,Vobs,Vlum,DeltaX_obs,DeltaX_pred,M_Msun,D_kpc,I,B,Ient,klum,Mhat,Dhat,Ihat
0.36,9.31,9.938475738260871,0.9367633674607282,0.2823314415369465,8267642.894178208,0.36,3.48293734297577,0.3859557972813758,1.0189309002807898,11.905471246138658,0.06268330740654657,0.2482758620689655,0.8909648671487306
0.72,15.9,16.02928881766125,0.9919342137301315,0.612123623914529,43013090.71801084,0.72,3.48293734297577,1.0992275541550616,1.0189309002807898,11.905471246138658,0.32611505147148073,0.496551724137931,0.8909648671487306
1.08,21.4,18.317341510164624,1.1682918063259753,0.776352261132733,84253564.94323297,1.08,3.936381370531105,1.5598919445084123,1.1125322436201723,13.927774572935876,0.6387905451447369,0.7448275862068966,1.006959689330932
1.45,26.1,19.779307369066288,1.3195608679816018,0.870461358948068,131895447.70757814,1.45,0.8443038849605039,1.8554752295963002,0.205278182566635,3.4726001626013185,1.0,1.0,0.2159800836538407
1.8,29.7,20.500639014430746,1.4487353286448128,0.9272471074338241,175892348.36348587,1.8,0.3253005158729629,2.044970465151536,0.1502038757707337,0.7045119514008855,1.3335740650689634,1.2413793103448276,0.08321462672668704
2.17,31.1,21.234354240240037,1.4646077600544183,0.9770141196094937,227497954.1538884,2.17,0.391889697372713,2.217937686500702,0.08629720309411341,1.7796351376462232,1.7248355277451881,1.4965517241379311,0.10024870325640667
2.53,32.1,22.581483565080486,1.42151864856385,1.0286347741364945,299961217.97480077,2.53,0.391889697372713,2.4041511222681824,0.08629720309411341,1.7796351376462232,2.2742348063432543,1.7448275862068965,0.10024870325640667
