r_kpc,Vobs,Vlum,DeltaX_obs,DeltaX_pred,M_Msun,D_kpc,I,B,Ient,klum,Mhat,Dhat,Ihat
0.91,26.0,30.315791264619833,0.8576388382230157,0.6459245610375934,194454883.26888967,0.91,0.2512290013342777,1.1883086611546834,0.16660941938810206,0.3788261872781353,0.09049044038273622,0.2,0.4469015656252252
1.82,45.1,35.91329837260844,1.2558022249050338,0.7518420003025152,545785031.539837,1.82,0.2512290013342777,1.4866883117470688,0.16660941938810206,0.3788261872781353,0.25398347949972483,0.4,0.4469015656252252
2.73,57.0,39.64972887675274,1.4375886447339619,0.8075782860987089,997890151.1540583,2.73,0.5891946013378192,1.6554157807302752,0.18123683506387409,1.915451007094027,0.46437259745573456,0.6,1.048095516032589
3.63,62.0,44.306118087686265,1.3993552736282553,0.8435629083215717,1656813679.6631413,3.63,0.1441217509512151,1.7686408027063045,0.014339393412769658,1.4485326191515746,0.771005577152536,0.7978021978021979,0.2563726154173067
4.55,66.9,45.06948080464207,1.4843747654867467,0.870461358948068,2148899734.0097795,4.55,0.1243684333047533,1.8554752295963002,0.007263074378518792,2.1296088125471275,1.0,1.0,0.2212342017166123
5.45,70.6,45.371247503237115,1.5560515499372787,0.8911563494866008,2608540528.6323133,5.45,0.05667825290868625,1.9235638804859707,0.019299910194941785,0.16644763215649205,1.2138958776661295,1.197802197802198,0.10082275464722944
6.37,72.8,44.670807022036215,1.6296996820336733,0.9086540467992301,2955470811.990951,6.37,0.023797675679284407,1.9820018765932328,0.014817047099692952,0.03822147314009283,1.375341420176983,1.4000000000000001,0.042332765973792354
7.28,73.3,45.86032381045734,1.5983314968065208,0.9234743566098934,3559961148.687139,7.28,0.1108344131901716,2.032120710120767,0.027319323816989913,0.4496548754098403,1.6566436731993834,1.6,0.19715905614708437
8.18,74.3,46.248969718254266,1.6065222739583345,0.936378416715283,4068151088.0255575,8.18,0.1108344131901716,2.0762243177925694,0.027319323816989913,0.4496548754098403,1.8931321101866931,1.7978021978021979,0.19715905614708437
