r_kpc,Vobs,Vlum,DeltaX_obs,DeltaX_pred,M_Msun,D_kpc,I,B,Ient,klum,Mhat,Dhat,Ihat
1.1,26.9,29.22644863817703,0.920399201867513,0.47803098821337253,218466285.04200274,1.1,0.29285884888260194,0.7750987016133022,0.09629377189489365,0.8906734431636776,0.09331608286174137,0.2505694760820046,0.7426631861535161
2.2,38.0,37.30098122033789,1.0187399568803026,0.6651340080957173,711709624.2423115,2.2,0.29285884888260194,1.240258231438833,0.09629377189489365,0.8906734431636776,0.3040009320272255,0.5011389521640092,0.7426631861535161
3.3,40.5,43.05049128639533,0.9407558146217643,0.8113011782267031,1422033439.4349103,3.3,0.40081329176264563,1.6669736605563508,0.10555039514870791,1.522034044754349,0.6074099270785068,0.7517084282460137,1.0164257540753077
4.39,41.4,47.89187926987205,0.8644471804230079,0.7054614749649566,2341142902.083513,4.39,0.11542203372887054,1.3524401354226088,0.022504282838975525,0.5919871326463921,1.0,1.0,0.29269969355019887
5.5,42.3,50.34685491666784,0.8401716466701509,0.7277420602871069,3241507471.6746,5.5,0.096637864330718,1.416233118491307,0.013404711383636534,0.696686154228017,1.3845833455060788,1.2528473804100229,0.24506476242994582
6.59,42.3,54.16728994513201,0.7809140911950216,0.5310755080580882,4495720214.3267355,6.59,0.020035644803889592,0.8977290618949916,0.0036535086646442825,0.1098743973409222,1.9203100375999025,1.5011389521640093,0.05080855799123082
7.69,42.3,56.30239515331475,0.7513001868715282,0.5679524718125359,5667867984.449803,7.69,0.020035644803889592,0.9872934851218963,0.0036535086646442825,0.1098743973409222,2.420983349374211,1.7517084282460138,0.05080855799123082
