r_kpc,Vobs,Vlum,DeltaX_obs,DeltaX_pred,M_Msun,D_kpc,I,B,Ient,klum,Mhat,Dhat,Ihat
1.48,24.35,20.941910132554764,1.1627401629494756,0.6149323713153361,150915533.689382,1.48,0.27179408067233124,1.1065167389942892,0.06760327183173206,1.0927285068744732,0.16478899617540235,0.3325842696629213,0.9317218836164102
2.97,43.55,26.903562961065212,1.61874470169715,0.7950407441807189,499822374.5672428,2.97,0.27179408067233124,1.6167574645603795,0.06760327183173206,1.0927285068744732,0.5457703747081993,0.6674157303370787,0.9317218836164102
4.45,54.15,29.751100819969672,1.820100719219545,0.870461358948068,915810747.0279547,4.45,0.29254149579743977,1.8554752295963002,0.07396937386482462,1.1569724372656938,1.0,1.0,1.002844921515983
5.94,60.15,28.408824333294753,2.1172998676156065,0.8929629414120388,1114634838.2086585,5.94,0.06622549465234731,1.9295606005678512,0.006205049942855418,0.7068139954293152,1.217101723064443,1.3348314606741574,0.22702386478866024
7.39,63.75,26.741004094835333,2.3839792916494282,0.9039030243649424,1228682024.7343006,7.39,0.06622549465234731,1.9660559050578592,0.006205049942855418,0.7068139954293152,1.3416331143980293,1.6606741573033708,0.22702386478866024
