r_kpc,Vobs,Vlum,DeltaX_obs,DeltaX_pred,M_Msun,D_kpc,I,B,Ient,klum,Mhat,Dhat,Ihat
0.78,28.1,21.291505348377786,1.319775165739559,0.7250916810003736,82214228.15171671,0.78,0.6537914932539037,1.4085770106131055,0.24458240942739332,1.7476453750369156,0.20517408433691742,0.33333333333333337,0.8601765848649906
1.55,31.3,25.66909815322696,1.2193650050796645,0.820358665500982,237461148.9196472,1.55,0.6537914932539037,1.6952435075822994,0.24458240942739332,1.7476453750369156,0.59260878427603,0.6623931623931625,0.8601765848649906
2.34,33.0,27.138415576448086,1.2159884539699826,0.870461358948068,400704740.1596407,2.34,0.7644947306538519,1.8554752295963002,0.23063237237301518,2.5341290434815322,1.0,1.0,1.0058259756306254
3.12,33.4,28.550882648352573,1.1698412413854822,0.903209295547722,591334635.6933767,3.12,0.10741773242765375,1.9637324365806776,0.011435757627922562,1.0089903629756387,1.4757365621823915,1.3333333333333335,0.14132673671493792
3.89,34.3,28.181642961332116,1.217104341541153,0.9277089145711821,718326458.8191803,3.89,0.10741773242765375,2.0465458937984753,0.011435757627922562,1.0089903629756387,1.7926577522716578,1.6623931623931625,0.14132673671493792
