r_kpc,Vobs,Vlum,DeltaX_obs,DeltaX_pred,M_Msun,D_kpc,I,B,Ient,klum,Mhat,Dhat,Ihat
0.21,16.4,15.923799797786959,1.0299049352704888,0.7546057631897714,12380904.041237785,0.21,17.16035385292066,1.494864578380754,3.3506359682295535,87.88711968404267,0.1419244105216881,0.4077669902912621,1.0
0.41,26.2,26.023199265270982,1.0067939661425476,0.8433047632887141,64557228.353999525,0.41,17.16035385292066,1.767816564209778,3.3506359682295535,87.88711968404267,0.7400304976549511,0.7961165048543689,1.0
0.62,35.2,27.61289734888391,1.2747666264519235,0.8831055736586526,109914576.68260904,0.62,15.906400961085271,1.896943664153724,3.2042609435259233,78.96160643408831,1.2599695023450488,1.203883495145631,0.9269273289710184
0.82,44.0,27.451100160102875,1.6028501496617287,0.9145235667393886,143672287.49264693,0.82,15.906400961085271,2.0017829270976417,3.2042609435259233,78.96160643408831,1.646939887651198,1.5922330097087378,0.9269273289710184
