r_kpc,Vobs,Vlum,DeltaX_obs,DeltaX_pred,M_Msun,D_kpc,I,B,Ient,klum,Mhat,Dhat,Ihat
0.87,23.4,27.61793801137225,0.8472754189818433,0.523816075601876,154291286.0301658,0.87,0.9054461818564506,0.8805143409785116,0.1856129487559998,4.41689436934784,0.09317457152435744,0.22109275730622618,0.9419156450796964
1.74,28.0,38.93331863584198,0.7191783536845283,0.740652470664091,613241788.830736,1.74,0.9054461818564506,1.4537883776551597,0.1856129487559998,4.41689436934784,0.3703290210696866,0.44218551461245237,0.9419156450796964
2.61,36.7,41.45900264116348,0.8852118396973111,0.8139009195276622,1043080564.1131763,2.61,0.9654842698649706,1.6750660383780287,0.18210412331292702,5.118829043507573,0.6299032636725105,0.6632782719186785,1.0043719406929261
3.5,47.6,42.74494122115505,1.1135820670269658,0.8577972920557402,1486884171.024272,3.5,0.16031786823531696,1.8143583445913494,0.03081985113648781,0.8339371517952568,0.8979106928595421,0.8894536213468869,0.16677513396440696
4.37,63.3,42.38086832522429,1.493598467927686,0.8816799225832819,1824991236.7382715,4.37,0.06687062150471422,1.8922472542356823,0.004298677158964383,1.040245604651093,1.1020893071404578,1.1105463786531131,0.06956402915339586
5.24,71.2,42.91369245357477,1.6591441083059015,0.9050052417065333,2243689219.2582507,5.24,0.09082909352322319,1.9697500754777244,0.02041856583967813,0.40404033735899614,1.3549357647931903,1.3316391359593394,0.0944874979123767
6.11,68.1,41.83754533908508,1.6277245581226834,0.9164444916681412,2486641901.8300776,6.11,0.1405321566229458,2.0082761498696824,0.02471665943015986,0.799027356463779,1.5016518411301094,1.5527318932655656,0.14619249560315528
6.98,74.4,40.556018049113256,1.8344996274018261,0.9243007625742047,2669350995.0219846,6.98,0.1405321566229458,2.0349322321780376,0.02471665943015986,0.799027356463779,1.6119875698013413,1.7738246505717916,0.14619249560315528
