r_kpc,Vobs,Vlum,DeltaX_obs,DeltaX_pred,M_Msun,D_kpc,I,B,Ient,klum,Mhat,Dhat,Ihat
0.76,15.1,17.559581430091097,0.8599293815810314,0.333696224844051,54485577.238305405,0.76,1.2049728126630619,0.47845534646177384,0.19408772334774232,7.480944462704061,0.07264771783846459,0.33480176211453744,0.9524869402539747
1.51,28.0,31.989760861875787,0.8752800660466757,0.7183434485026103,359284581.1700314,1.51,1.2049728126630619,1.3891659515112194,0.19408772334774232,7.480944462704061,0.4790479646089028,0.6651982378854625,0.9524869402539747
2.27,37.6,37.69615364994153,0.9974492450653072,0.870461358948068,749997093.6383232,2.27,1.267585159812771,1.8554752295963002,0.21883931566983658,7.342246215948276,1.0,1.0,1.001979710822751
3.03,47.9,39.70952530564927,1.2062596979265705,0.9469320415363758,1110891553.647949,3.03,0.4624654303703199,2.112616420211099,0.0937642184326131,2.2809796515428045,1.4811944780464212,1.3348017621145374,0.3655620094640553
3.78,58.8,41.41706049443876,1.4197048099996212,1.007601836508494,1507613403.210018,3.78,0.4624654303703199,2.3274417357243715,0.0937642184326131,2.2809796515428045,2.010158993945443,1.6651982378854624,0.3655620094640553
