r_kpc,Vobs,Vlum,DeltaX_obs,DeltaX_pred,M_Msun,D_kpc,I,B,Ient,klum,Mhat,Dhat,Ihat
1.02,56.1,24.911421075482625,2.2519791155235467,0.276992175941035,147175941.37054718,1.02,0.589112881352197,0.376734241133349,0.12897953170341675,2.690767925666876,0.06648276464017759,0.22270742358078602,0.7936410738091008
2.04,71.1,36.93242477823518,1.9251376108373006,0.5770333989912754,646971957.0974514,2.04,0.589112881352197,1.0098912056081268,0.12897953170341675,2.690767925666876,0.29225214360417595,0.44541484716157204,0.7936410738091008
3.05,80.7,42.866110157092635,1.8826060891519303,0.7489224149807365,1303069668.9770308,3.05,0.7538208813455083,1.4780726337394887,0.13031559158664643,4.360536711178523,0.5886266009621786,0.6659388646288209,1.0155323922939388
4.07,82.8,46.31791230182984,1.7876453381671282,0.8461520123848202,2030168134.1855567,4.07,0.25127974057805963,1.776917208866565,0.03438042168456928,1.8365542053056405,0.9170737349335361,0.888646288209607,0.33851903336606576
5.09,83.7,45.007470491019596,1.8596912709569133,0.8916944267959206,2397323477.1246085,5.09,0.10848785931941045,1.9253490628084977,0.009719279776080801,1.2109555328032926,1.0829262650664637,1.1113537117903929,0.1461526710600528
6.11,86.0,45.20890288427712,1.9022801818512902,0.9333780571322909,2903546537.593208,6.11,0.037521753956282704,2.0659310339291563,0.0033489250535047883,0.4203981867203657,1.3115988882626035,1.334061135371179,0.05054855536805353
7.13,88.3,44.881070620028666,1.96742187252091,0.966229386648851,3339301186.2605824,7.13,0.09287960661472652,2.1799083825598102,0.00930585903948735,0.9270096708214894,1.5084393057821877,1.556768558951965,0.1251255456500697
8.14,90.0,42.25848198882681,2.129749952300608,0.9827712975285345,3379806483.27912,8.14,0.09287960661472652,2.2383625477482294,0.00930585903948735,0.9270096708214894,1.5267364819598073,1.777292576419214,0.1251255456500697
