r_kpc,Vobs,Vlum,DeltaX_obs,DeltaX_pred,M_Msun,D_kpc,I,B,Ient,klum,Mhat,Dhat,Ihat
4.51,69.75,47.714166659389534,1.461829994808766,0.5837260497391331,2387321303.398583,4.51,0.034254806090527924,1.0266829812264018,0.006989188166633988,0.1678867004756545,0.33883134619173794,0.4005328596802842,0.9999999999999986
9.01,97.7,52.33844953760094,1.8666964891615765,0.8182829344009589,5738602489.473158,9.01,0.034254806090527924,1.6887459833523564,0.006989188166633988,0.1678867004756545,0.8144770475592795,0.8001776198934281,0.9999999999999986
13.51,108.0,51.56691284147229,2.094366213700151,0.910422460232014,8352899552.652809,13.51,0.03425480609052797,1.9879522331554014,0.006989188166633983,0.16788670047565507,1.1855229524407205,1.199822380106572,1.0
18.01,107.5,45.99207866578766,2.3373590217822993,0.9488138671270585,8857668752.194305,18.01,0.03425480609052797,2.1191359479154426,0.006989188166633983,0.16788670047565507,1.2571645983110484,1.599467140319716,1.0
