r_kpc,Vobs,Vlum,DeltaX_obs,DeltaX_pred,M_Msun,D_kpc,I,B,Ient,klum,Mhat,Dhat,Ihat
0.08,5.11,4.177200019151585,1.223307473085254,0.10315153041164353,324563.87136675743,0.08,19.00579461013365,0.11698384010578704,5.9903943558191255,60.29990803722171,0.01129747610521729,0.1230769230769231,0.9888563765694512
0.24,10.8,9.972863179649062,1.0829387514348758,0.4824165084567251,5549969.6575840935,0.24,19.00579461013365,0.784959902377776,5.9903943558191255,60.29990803722171,0.19318431631715874,0.36923076923076925,0.9888563765694512
0.4,17.3,12.328864505703677,1.4032111385437431,0.710631587374843,14136626.899888627,0.4,19.236095858731872,1.3671280162421988,5.314710190362705,69.62324767158542,0.49207018617729437,0.6153846153846155,1.0008387673549874
0.57,20.8,13.493494728942537,1.5414835383887286,0.8337254030341376,24130337.068201847,0.57,1.6921681425603181,1.7373528649979035,0.11368170201402822,25.188161084557755,0.8399330008323624,0.8769230769230769,0.08804216252585759
0.73,20.8,14.012630017238022,1.4843751654337771,0.9006198293690414,33327429.311471306,0.73,3.7372648453520174,1.9550707295375789,1.035549527087652,13.487668294905045,1.1600669991676376,1.1230769230769233,0.19444691732513672
0.89,22.9,14.136095642008085,1.619966402317505,0.9465778134388578,41351246.13163261,0.89,2.1144086109277866,2.1113902374019538,0.7309246962872692,6.116531287935141,1.4393614209918697,1.3692307692307695,0.11001099824968565
1.05,24.3,14.26487294019824,1.7034852046612272,0.9861399225576054,49678075.10503591,1.05,0.5432354524170077,2.250353453478102,0.30594038691997616,0.9645825441147152,1.7292031429405001,1.6153846153846156,0.02826410850587274
1.21,24.2,14.3142586255803,1.6906219618495213,1.021051088176036,57645144.86469143,1.21,0.5432354524170077,2.3763600102411435,0.30594038691997616,0.9645825441147152,2.0065223031393216,1.8615384615384618,0.02826410850587274
