r_kpc,Vobs,Vlum,DeltaX_obs,DeltaX_pred,M_Msun,D_kpc,I,B,Ient,klum,Mhat,Dhat,Ihat
1.1,33.2,21.557850078335733,1.5400422527923547,0.680415123995216,118862052.44936538,1.1,0.609625700765994,1.282269287245069,0.10805650574399034,3.4393440031730673,0.06241322091062394,0.24886877828054302,1.0
2.21,54.6,36.13131190532666,1.5111546501014426,0.7831838584116326,670809772.1179937,2.21,0.609625700765994,1.5805739013111246,0.10805650574399034,3.4393440031730673,0.35223519730185493,0.5,1.0
3.31,65.7,41.32542316782734,1.5898203808630025,0.8357824445555652,1314323453.8737156,3.31,0.5445529708609228,1.7438744275710243,0.1044972636027415,2.837757926377675,0.6901375029644496,0.748868778280543,0.8932578960773678
4.42,69.2,43.047938394306414,1.6075101986568654,0.870461358948068,1904437084.2449625,4.42,0.1784822349913365,1.8554752295963002,0.03255181659810848,0.9786215190630482,1.0,1.0,0.2927734752112219
5.52,70.9,47.37480870673781,1.4965759637973242,0.8958677384075034,2880538351.186145,5.52,0.13436492562376234,1.939220444542691,0.018039515283678954,1.0007992428828327,1.5125405690827376,1.248868778280543,0.22040561192701189
6.64,72.4,48.8990838359984,1.480600336865632,0.9164895918539504,3691553521.464062,6.64,0.20781870431522206,2.008428715423557,0.025815137061026824,1.6729957218960367,1.9383961549602067,1.502262443438914,0.34089557584940744
7.74,73.2,47.02672112746114,1.556561849200561,0.9334652287051212,3979880246.2734632,7.74,0.20781870431522206,2.0662297618670764,0.025815137061026824,1.6729957218960367,2.0897935033917574,1.751131221719457,0.34089557584940744
